num,lat,lon,mon,day,year,hour,min,rec,csec,temp,pH
0,18,62,,,,,,,,,
1,60,63,,,,,,,,,
2,73,21,,,,,,,,,
3,82,53,,,,,,,,,
4,91,45,,,,,,,,,
5,28,48,,,,,,,,,
6,78,59,,,,,,,,,
7,8,2,,,,,,,,,
8,75,87,,,,,,,,,
9,97,75,,,,,,,,,
10,10,18,,,,,,,,,
11,94,37,,,,,,,,,
12,45,36,,,,,,,,,
13,83,20,,,,,,,,,
14,49,26,,,,,,,,,
15,65,34,,,,,,,,,
16,65,65,,,,,,,,,
17,68,50,,,,,,,,,
18,48,77,,,,,,,,,
19,37,22,,,,,,,,,
20,2,24,,,,,,,,,
21,59,32,,,,,,,,,
22,33,73,,,,,,,,,
23,49,57,,,,,,,,,
24,4,75,,,,,,,,,
25,8,39,,,,,,,,,
26,78,67,,,,,,,,,
27,72,69,,,,,,,,,
28,91,82,,,,,,,,,
29,0,98,,,,,,,,,
30,39,24,,,,,,,,,
31,45,28,,,,,,,,,
32,43,3,,,,,,,,,
33,37,72,,,,,,,,,
34,12,31,,,,,,,,,
35,66,86,,,,,,,,,
36,37,69,,,,,,,,,
37,76,98,,,,,,,,,
38,52,52,,,,,,,,,
39,25,72,,,,,,,,,
40,89,6,,,,,,,,,
41,75,25,,,,,,,,,
42,95,6,,,,,,,,,
43,5,3,,,,,,,,,
44,9,56,,,,,,,,,
45,62,42,,,,,,,,,
46,73,82,,,,,,,,,
47,64,8,,,,,,,,,
48,50,69,,,,,,,,,
49,73,68,,,,,,,,,
50,85,59,,,,,,,,,
51,42,56,,,,,,,,,
52,7,31,,,,,,,,,
53,55,81,,,,,,,,,
54,25,42,,,,,,,,,
55,80,18,,,,,,,,,
56,89,64,,,,,,,,,
57,60,91,,,,,,,,,
58,94,13,,,,,,,,,
59,17,2,,,,,,,,,
60,49,12,,,,,,,,,
61,5,89,,,,,,,,,
62,37,88,,,,,,,,,
63,15,19,,,,,,,,,
64,16,22,,,,,,,,,
65,0,57,,,,,,,,,
66,11,49,,,,,,,,,
67,84,32,,,,,,,,,
68,76,83,,,,,,,,,
69,26,4,,,,,,,,,
70,58,89,,,,,,,,,
71,4,47,,,,,,,,,
72,7,15,,,,,,,,,
73,8,78,,,,,,,,,
74,85,98,,,,,,,,,
75,90,9,,,,,,,,,
76,48,79,,,,,,,,,
77,53,71,,,,,,,,,
78,43,35,,,,,,,,,
79,98,7,,,,,,,,,
80,62,94,,,,,,,,,
81,38,29,,,,,,,,,
82,50,29,,,,,,,,,
83,61,45,,,,,,,,,
84,85,87,,,,,,,,,
85,12,19,,,,,,,,,
86,82,88,,,,,,,,,
87,35,81,,,,,,,,,
88,37,82,,,,,,,,,
89,19,14,,,,,,,,,
90,93,1,,,,,,,,,
91,2,67,,,,,,,,,
92,50,79,,,,,,,,,
93,4,76,,,,,,,,,
94,41,45,,,,,,,,,
95,39,37,,,,,,,,,
96,32,94,,,,,,,,,
97,18,80,,,,,,,,,
98,6,54,,,,,,,,,
99,91,29,,,,,,,,,
100,44,88,,,,,,,,,
101,41,8,,,,,,,,,
102,30,2,,,,,,,,,
103,49,86,,,,,,,,,
104,3,47,,,,,,,,,
105,33,31,,,,,,,,,
106,36,58,,,,,,,,,
107,53,85,,,,,,,,,
108,90,66,,,,,,,,,
109,0,58,,,,,,,,,
110,94,26,,,,,,,,,
111,41,68,,,,,,,,,
112,25,56,,,,,,,,,
113,59,8,,,,,,,,,
114,43,40,,,,,,,,,
115,33,82,,,,,,,,,
116,27,5,,,,,,,,,
117,13,46,,,,,,,,,
118,77,8,,,,,,,,,
119,47,63,,,,,,,,,
120,60,31,,,,,,,,,
121,81,61,,,,,,,,,
122,93,69,,,,,,,,,
123,48,82,,,,,,,,,
124,19,40,,,,,,,,,
125,2,67,,,,,,,,,
126,1,3,,,,,,,,,
184,3,13,,,,,,,,,
185,0,93,,,,,,,,,
186,23,81,,,,,,,,,
187,82,82,,,,,,,,,
188,14,49,,,,,,,,,
189,29,38,,,,,,,,,
190,38,59,,,,,,,,,
191,98,64,,,,,,,,,
192,42,76,,,,,,,,,
193,18,19,,,,,,,,,
194,49,23,,,,,,,,,
195,96,54,,,,,,,,,
196,12,92,,,,,,,,,
197,95,7,,,,,,,,,
198,72,52,,,,,,,,,
199,0,83,,,,,,,,,
200,8,24,,,,,,,,,
201,96,41,,,,,,,,,
202,74,10,,,,,,,,,
203,95,3,,,,,,,,,
204,71,0,,,,,,,,,
205,88,92,,,,,,,,,
206,51,12,,,,,,,,,
207,52,46,,,,,,,,,
208,16,20,,,,,,,,,
209,53,80,,,,,,,,,
210,11,60,,,,,,,,,
211,59,71,,,,,,,,,
212,48,69,,,,,,,,,
213,49,18,,,,,,,,,
214,70,35,,,,,,,,,
215,33,25,,,,,,,,,
216,38,61,,,,,,,,,
217,49,48,,,,,,,,,
218,16,1,,,,,,,,,
219,66,62,,,,,,,,,
220,22,60,,,,,,,,,
221,51,35,,,,,,,,,
222,100,56,,,,,,,,,
223,47,1,,,,,,,,,
224,75,14,,,,,,,,,
225,57,58,,,,,,,,,
226,28,60,,,,,,,,,
227,79,36,,,,,,,,,
228,0,56,,,,,,,,,
229,30,49,,,,,,,,,
230,25,78,,,,,,,,,
231,61,3,,,,,,,,,
232,17,91,,,,,,,,,
76,64,90,,,,,,,,,
77,36,74,,,,,,,,,
78,0,6,,,,,,,,,
79,32,15,,,,,,,,,
80,61,13,,,,,,,,,
81,92,17,,,,,,,,,
82,69,7,,,,,,,,,
83,37,10,,,,,,,,,
84,13,79,,,,,,,,,
85,76,24,,,,,,,,,
86,76,93,,,,,,,,,
87,40,12,,,,,,,,,
88,64,99,,,,,,,,,
89,9,15,,,,,,,,,
90,45,71,,,,,,,,,
91,49,29,,,,,,,,,
92,60,84,,,,,,,,,
93,58,80,,,,,,,,,
94,29,21,,,,,,,,,
95,35,63,,,,,,,,,
96,12,96,,,,,,,,,
97,30,41,,,,,,,,,
98,28,31,,,,,,,,,
99,16,59,,,,,,,,,
100,33,64,,,,,,,,,
101,16,57,,,,,,,,,
102,81,94,,,,,,,,,
103,85,52,,,,,,,,,
104,38,49,,,,,,,,,
105,38,12,,,,,,,,,
106,69,31,,,,,,,,,
107,97,22,,,,,,,,,
108,53,17,,,,,,,,,
109,17,37,,,,,,,,,
110,88,97,,,,,,,,,
111,65,89,,,,,,,,,
112,61,11,,,,,,,,,
113,49,71,,,,,,,,,
114,64,59,,,,,,,,,
115,92,11,,,,,,,,,
116,55,3,,,,,,,,,
117,32,6,,,,,,,,,
118,4,70,,,,,,,,,
119,74,11,,,,,,,,,
120,64,30,,,,,,,,,
121,15,65,,,,,,,,,
122,18,86,,,,,,,,,
123,52,71,,,,,,,,,
124,60,65,,,,,,,,,
125,79,96,,,,,,,,,
126,61,89,,,,,,,,,
127,52,39,,,,,,,,,
128,68,75,,,,,,,,,
129,24,69,,,,,,,,,
130,31,22,,,,,,,,,
131,1,63,,,,,,,,,
132,23,48,,,,,,,,,
133,81,33,,,,,,,,,
134,96,55,,,,,,,,,
135,28,85,,,,,,,,,
136,52,65,,,,,,,,,
137,67,11,,,,,,,,,
138,17,24,,,,,,,,,
139,79,9,,,,,,,,,
140,9,100,,,,,,,,,
141,49,28,,,,,,,,,
142,27,64,,,,,,,,,
143,81,95,,,,,,,,,
144,89,30,,,,,,,,,
145,78,54,,,,,,,,,
146,36,90,,,,,,,,,
147,84,0,,,,,,,,,
148,24,40,,,,,,,,,
149,74,34,,,,,,,,,
150,64,90,,,,,,,,,
151,33,17,,,,,,,,,
152,16,25,,,,,,,,,
153,43,57,,,,,,,,,
154,37,38,,,,,,,,,
155,11,98,,,,,,,,,
156,1,19,,,,,,,,,
157,71,8,,,,,,,,,
158,43,97,,,,,,,,,
159,55,80,,,,,,,,,
160,26,53,,,,,,,,,
161,90,51,,,,,,,,,
162,16,13,,,,,,,,,
163,99,64,,,,,,,,,
164,45,66,,,,,,,,,
165,100,18,,,,,,,,,
166,58,92,,,,,,,,,
167,7,21,,,,,,,,,
168,18,10,,,,,,,,,
169,6,33,,,,,,,,,
170,16,70,,,,,,,,,
171,98,83,,,,,,,,,
172,41,79,,,,,,,,,
173,69,67,,,,,,,,,
174,80,85,,,,,,,,,
175,97,84,,,,,,,,,
176,53,4,,,,,,,,,
177,87,90,,,,,,,,,
178,21,64,,,,,,,,,
179,7,39,,,,,,,,,
180,84,47,,,,,,,,,
181,64,75,,,,,,,,,
182,10,74,,,,,,,,,
183,48,26,,,,,,,,,
184,32,48,,,,,,,,,
185,54,98,,,,,,,,,
186,92,60,,,,,,,,,
187,2,19,,,,,,,,,
188,52,62,,,,,,,,,
189,14,76,,,,,,,,,
190,27,34,,,,,,,,,
191,19,81,,,,,,,,,
192,4,71,,,,,,,,,
193,1,38,,,,,,,,,
194,77,60,,,,,,,,,
195,69,7,,,,,,,,,
196,31,23,,,,,,,,,
197,47,89,,,,,,,,,
198,47,86,,,,,,,,,
199,5,79,,,,,,,,,
200,79,33,,,,,,,,,
201,70,84,,,,,,,,,
202,4,40,,,,,,,,,
203,41,36,,,,,,,,,
204,29,100,,,,,,,,,
205,55,46,,,,,,,,,
206,15,2,,,,,,,,,
207,36,78,,,,,,,,,
208,52,48,,,,,,,,,
209,77,22,,,,,,,,,
210,30,15,,,,,,,,,
211,72,4,,,,,,,,,
212,63,22,,,,,,,,,
213,72,48,,,,,,,,,
214,33,41,,,,,,,,,
215,39,52,,,,,,,,,
216,37,50,,,,,,,,,
217,90,64,,,,,,,,,
218,82,47,,,,,,,,,
219,11,70,,,,,,,,,
220,43,97,,,,,,,,,
221,83,40,,,,,,,,,
222,65,6,,,,,,,,,
223,46,64,,,,,,,,,
224,8,51,,,,,,,,,
225,38,30,,,,,,,,,
226,90,87,,,,,,,,,
227,65,62,,,,,,,,,
228,76,3,,,,,,,,,
229,66,65,,,,,,,,,
230,20,76,,,,,,,,,
231,63,29,,,,,,,,,
232,99,74,,,,,,,,,
233,49,53,,,,,,,,,
234,93,27,,,,,,,,,
235,68,12,,,,,,,,,
236,81,19,,,,,,,,,
237,87,6,,,,,,,,,
238,61,71,,,,,,,,,
239,6,1,,,,,,,,,
240,19,28,,,,,,,,,
241,18,33,,,,,,,,,
242,37,56,,,,,,,,,
243,8,68,,,,,,,,,
244,40,51,,,,,,,,,
245,68,100,,,,,,,,,
246,13,11,,,,,,,,,
247,37,99,,,,,,,,,
248,3,0,,,,,,,,,
249,0,65,,,,,,,,,
250,78,70,,,,,,,,,
251,10,8,,,,,,,,,
252,66,11,,,,,,,,,
253,11,21,,,,,,,,,
254,72,89,,,,,,,,,
255,43,94,,,,,,,,,
256,64,36,,,,,,,,,
257,47,97,,,,,,,,,
258,97,70,,,,,,,,,
259,80,10,,,,,,,,,
260,99,6,,,,,,,,,
261,46,78,,,,,,,,,
262,81,25,,,,,,,,,
263,20,97,,,,,,,,,
264,83,25,,,,,,,,,
265,15,32,,,,,,,,,
266,43,95,,,,,,,,,
267,30,87,,,,,,,,,
268,36,27,,,,,,,,,
269,33,57,,,,,,,,,
270,44,21,,,,,,,,,
271,88,85,,,,,,,,,
272,35,58,,,,,,,,,
273,6,21,,,,,,,,,
274,95,18,,,,,,,,,
275,80,65,,,,,,,,,
276,13,10,,,,,,,,,
277,97,96,,,,,,,,,
278,77,10,,,,,,,,,
279,83,59,,,,,,,,,
280,59,11,,,,,,,,,
281,16,21,,,,,,,,,
282,84,24,,,,,,,,,
283,32,38,,,,,,,,,
284,41,12,,,,,,,,,
285,12,74,,,,,,,,,
286,26,81,,,,,,,,,
287,57,34,,,,,,,,,
288,19,83,,,,,,,,,
289,72,80,,,,,,,,,
290,6,60,,,,,,,,,
291,74,3,,,,,,,,,
292,51,95,,,,,,,,,
293,67,0,,,,,,,,,
294,72,84,,,,,,,,,
295,16,8,,,,,,,,,
296,26,46,,,,,,,,,
297,96,3,,,,,,,,,
298,18,48,,,,,,,,,
299,97,35,,,,,,,,,
300,34,30,,,,,,,,,
301,62,51,,,,,,,,,
302,64,24,,,,,,,,,
303,11,23,,,,,,,,,
304,20,90,,,,,,,,,
305,91,62,,,,,,,,,
306,77,100,,,,,,,,,
307,78,17,,,,,,,,,
308,77,34,,,,,,,,,
309,33,15,,,,,,,,,
310,28,79,,,,,,,,,
311,27,5,,,,,,,,,
312,56,18,,,,,,,,,
313,81,82,,,,,,,,,
314,23,8,,,,,,,,,
315,5,19,,,,,,,,,
316,85,27,,,,,,,,,
317,61,30,,,,,,,,,
318,92,0,,,,,,,,,
319,97,30,,,,,,,,,
320,100,49,,,,,,,,,
321,47,32,,,,,,,,,
322,40,95,,,,,,,,,
323,53,50,,,,,,,,,
324,37,1,,,,,,,,,
325,50,77,,,,,,,,,
326,9,18,,,,,,,,,
327,100,9,,,,,,,,,
328,55,4,,,,,,,,,
329,43,15,,,,,,,,,
330,39,64,,,,,,,,,
331,36,69,,,,,,,,,
332,75,55,,,,,,,,,
333,43,100,,,,,,,,,
334,30,7,,,,,,,,,
335,97,33,,,,,,,,,
336,20,58,,,,,,,,,
337,76,13,,,,,,,,,
338,90,99,,,,,,,,,
339,77,82,,,,,,,,,
340,68,38,,,,,,,,,
341,10,41,,,,,,,,,
342,57,16,,,,,,,,,
343,27,24,,,,,,,,,
344,22,31,,,,,,,,,
345,90,29,,,,,,,,,
346,56,62,,,,,,,,,
347,100,22,,,,,,,,,
348,34,17,,,,,,,,,
349,9,7,,,,,,,,,
350,79,22,,,,,,,,,
351,75,92,,,,,,,,,
352,92,85,,,,,,,,,
353,10,43,,,,,,,,,
354,95,28,,,,,,,,,
355,8,10,,,,,,,,,
356,61,9,,,,,,,,,
357,70,78,,,,,,,,,
358,92,30,,,,,,,,,
359,46,21,,,,,,,,,
360,76,35,,,,,,,,,
361,53,45,,,,,,,,,
362,69,75,,,,,,,,,
363,36,15,,,,,,,,,
364,64,73,,,,,,,,,
365,75,60,,,,,,,,,
366,95,82,,,,,,,,,
367,76,75,,,,,,,,,
368,57,4,,,,,,,,,
369,61,35,,,,,,,,,
370,19,79,,,,,,,,,
371,95,88,,,,,,,,,
372,70,37,,,,,,,,,
373,14,90,,,,,,,,,
374,27,100,,,,,,,,,
375,3,72,,,,,,,,,
376,37,59,,,,,,,,,
377,43,77,,,,,,,,,
378,50,54,,,,,,,,,
379,77,63,,,,,,,,,
380,8,68,,,,,,,,,
381,45,98,,,,,,,,,
382,6,70,,,,,,,,,
383,45,36,,,,,,,,,
384,73,73,,,,,,,,,
385,36,70,,,,,,,,,
386,11,29,,,,,,,,,
387,73,21,,,,,,,,,
388,46,89,,,,,,,,,
389,66,52,,,,,,,,,
390,11,71,,,,,,,,,
391,16,40,,,,,,,,,
392,74,62,,,,,,,,,
393,41,10,,,,,,,,,
394,36,83,,,,,,,,,
395,43,8,,,,,,,,,
396,29,32,,,,,,,,,
397,82,18,,,,,,,,,
398,56,2,,,,,,,,,
399,67,1,,,,,,,,,
400,92,30,,,,,,,,,
401,83,6,,,,,,,,,
402,27,13,,,,,,,,,
403,18,27,,,,,,,,,
404,63,61,,,,,,,,,
405,64,16,,,,,,,,,
406,83,14,,,,,,,,,
407,54,31,,,,,,,,,
408,82,83,,,,,,,,,
409,5,65,,,,,,,,,
410,80,87,,,,,,,,,
411,89,38,,,,,,,,,
412,11,73,,,,,,,,,
413,2,80,,,,,,,,,
414,21,75,,,,,,,,,
415,23,42,,,,,,,,,
416,91,83,,,,,,,,,
417,86,33,,,,,,,,,
418,76,81,,,,,,,,,
419,60,94,,,,,,,,,
420,65,19,,,,,,,,,
421,65,89,,,,,,,,,
422,53,4,,,,,,,,,
423,4,83,,,,,,,,,
424,1,51,,,,,,,,,
425,86,90,,,,,,,,,
426,79,68,,,,,,,,,
427,19,15,,,,,,,,,
428,98,52,,,,,,,,,
429,12,35,,,,,,,,,
430,91,47,,,,,,,,,
431,96,76,,,,,,,,,
432,11,26,,,,,,,,,
433,39,18,,,,,,,,,
434,25,62,,,,,,,,,
435,40,5,,,,,,,,,
436,78,66,,,,,,,,,
437,25,58,,,,,,,,,
438,81,7,,,,,,,,,
439,70,53,,,,,,,,,
440,66,50,,,,,,,,,
441,85,67,,,,,,,,,
442,33,97,,,,,,,,,
443,67,81,,,,,,,,,
444,53,27,,,,,,,,,
445,21,99,,,,,,,,,
446,41,92,,,,,,,,,
447,41,37,,,,,,,,,
448,59,78,,,,,,,,,
449,48,94,,,,,,,,,
450,95,29,,,,,,,,,
451,42,43,,,,,,,,,
452,14,9,,,,,,,,,
453,6,90,,,,,,,,,
454,54,28,,,,,,,,,
455,91,10,,,,,,,,,
456,53,20,,,,,,,,,
457,1,95,,,,,,,,,
458,87,9,,,,,,,,,
459,2,21,,,,,,,,,
460,5,57,,,,,,,,,
461,55,35,,,,,,,,,
462,43,10,,,,,,,,,
463,3,91,,,,,,,,,
464,60,30,,,,,,,,,
465,77,34,,,,,,,,,
466,32,7,,,,,,,,,
467,89,90,,,,,,,,,
468,8,6,,,,,,,,,
469,6,23,,,,,,,,,
470,91,29,,,,,,,,,
471,3,92,,,,,,,,,
472,55,49,,,,,,,,,
473,21,7,,,,,,,,,
474,12,22,,,,,,,,,
475,83,79,,,,,,,,,
476,89,99,,,,,,,,,
477,17,44,,,,,,,,,
478,53,88,,,,,,,,,
479,43,81,,,,,,,,,
480,74,53,,,,,,,,,
481,48,82,,,,,,,,,
482,81,100,,,,,,,,,
483,92,66,,,,,,,,,
484,72,30,,,,,,,,,
485,84,100,,,,,,,,,
486,47,58,,,,,,,,,
487,6,64,,,,,,,,,
488,58,52,,,,,,,,,
489,10,19,,,,,,,,,
490,49,25,,,,,,,,,
491,58,89,,,,,,,,,
492,49,75,,,,,,,,,
493,75,83,,,,,,,,,
494,65,63,,,,,,,,,
495,24,29,,,,,,,,,
496,49,88,,,,,,,,,
497,95,87,,,,,,,,,
498,95,0,,,,,,,,,
499,51,84,,,,,,,,,
500,24,91,,,,,,,,,
501,83,12,,,,,,,,,
502,10,99,,,,,,,,,
503,76,47,,,,,,,,,
504,45,84,,,,,,,,,
505,93,49,,,,,,,,,
506,52,41,,,,,,,,,
507,62,35,,,,,,,,,
508,11,18,,,,,,,,,
509,92,63,,,,,,,,,
510,1,68,,,,,,,,,
511,64,10,,,,,,,,,
512,97,89,,,,,,,,,
513,24,69,,,,,,,,,
514,73,66,,,,,,,,,
515,85,59,,,,,,,,,
516,8,91,,,,,,,,,
517,53,7,,,,,,,,,
518,41,92,,,,,,,,,
519,4,100,,,,,,,,,
520,52,0,,,,,,,,,
521,84,85,,,,,,,,,
522,38,54,,,,,,,,,
523,18,1,,,,,,,,,
524,89,5,,,,,,,,,
525,53,97,,,,,,,,,
526,8,89,,,,,,,,,
527,37,88,,,,,,,,,
528,50,45,,,,,,,,,
529,86,1,,,,,,,,,
530,57,43,,,,,,,,,
531,52,28,,,,,,,,,
532,49,86,,,,,,,,,
533,22,8,,,,,,,,,
534,15,65,,,,,,,,,
535,8,86,,,,,,,,,
536,68,26,,,,,,,,,
537,51,87,,,,,,,,,
538,8,5,,,,,,,,,
539,11,13,,,,,,,,,
540,68,33,,,,,,,,,
541,9,52,,,,,,,,,
542,79,15,,,,,,,,,
543,67,87,,,,,,,,,
544,48,4,,,,,,,,,
545,71,8,,,,,,,,,
546,38,80,,,,,,,,,
547,99,74,,,,,,,,,
548,10,53,,,,,,,,,
549,82,61,,,,,,,,,
550,64,17,,,,,,,,,
551,99,23,,,,,,,,,
552,16,36,,,,,,,,,
553,100,68,,,,,,,,,
554,65,82,,,,,,,,,
555,72,76,,,,,,,,,
556,31,49,,,,,,,,,
557,95,14,,,,,,,,,
558,48,98,,,,,,,,,
559,6,82,,,,,,,,,
560,79,64,,,,,,,,,
561,14,89,,,,,,,,,
562,45,14,,,,,,,,,
563,57,52,,,,,,,,,
564,18,89,,,,,,,,,
565,8,90,,,,,,,,,
566,55,21,,,,,,,,,
567,50,99,,,,,,,,,
568,49,80,,,,,,,,,
569,5,64,,,,,,,,,
570,16,93,,,,,,,,,
571,71,10,,,,,,,,,
572,77,34,,,,,,,,,
573,79,31,,,,,,,,,
574,13,51,,,,,,,,,
575,0,45,,,,,,,,,
576,70,89,,,,,,,,,
577,83,59,,,,,,,,,
578,90,78,,,,,,,,,
579,61,29,,,,,,,,,
580,34,71,,,,,,,,,
581,21,54,,,,,,,,,
582,6,80,,,,,,,,,
583,58,74,,,,,,,,,
584,4,34,,,,,,,,,
585,67,24,,,,,,,,,
586,64,15,,,,,,,,,
587,50,13,,,,,,,,,
588,73,90,,,,,,,,,
589,0,43,,,,,,,,,
590,72,84,,,,,,,,,
591,36,44,,,,,,,,,
592,95,29,,,,,,,,,
593,81,38,,,,,,,,,
594,12,30,,,,,,,,,
595,100,56,,,,,,,,,
596,63,18,,,,,,,,,
597,18,33,,,,,,,,,
598,82,94,,,,,,,,,
599,93,13,,,,,,,,,
600,20,85,,,,,,,,,
601,59,90,,,,,,,,,
602,81,81,,,,,,,,,
603,93,18,,,,,,,,,
604,0,96,,,,,,,,,
605,61,85,,,,,,,,,
606,69,80,,,,,,,,,
607,74,40,,,,,,,,,
608,14,27,,,,,,,,,
609,88,94,,,,,,,,,
610,9,90,,,,,,,,,
611,51,10,,,,,,,,,
612,79,79,,,,,,,,,
613,85,100,,,,,,,,,
614,65,12,,,,,,,,,
615,71,70,,,,,,,,,
616,7,13,,,,,,,,,
617,71,30,,,,,,,,,
618,82,63,,,,,,,,,
619,67,73,,,,,,,,,
620,82,96,,,,,,,,,
621,57,22,,,,,,,,,
622,65,75,,,,,,,,,
623,39,37,,,,,,,,,
624,84,26,,,,,,,,,
625,36,69,,,,,,,,,
626,39,100,,,,,,,,,
627,37,23,,,,,,,,,
628,48,5,,,,,,,,,
629,19,71,,,,,,,,,
630,49,19,,,,,,,,,
631,92,70,,,,,,,,,
632,25,41,,,,,,,,,
633,48,2,,,,,,,,,
634,41,28,,,,,,,,,
635,12,92,,,,,,,,,
636,54,70,,,,,,,,,
637,39,48,,,,,,,,,
638,73,45,,,,,,,,,
639,51,5,,,,,,,,,
640,57,73,,,,,,,,,
641,95,39,,,,,,,,,
642,43,71,,,,,,,,,
643,65,81,,,,,,,,,
644,21,80,,,,,,,,,
645,60,82,,,,,,,,,
646,32,89,,,,,,,,,
647,35,82,,,,,,,,,
648,43,60,,,,,,,,,
649,0,90,,,,,,,,,
650,55,37,,,,,,,,,
651,55,46,,,,,,,,,
652,26,59,,,,,,,,,
653,25,95,,,,,,,,,
654,49,90,,,,,,,,,
655,97,67,,,,,,,,,
656,80,11,,,,,,,,,
657,52,35,,,,,,,,,
658,45,22,,,,,,,,,
659,72,96,,,,,,,,,
660,27,19,,,,,,,,,
661,85,93,,,,,,,,,
662,36,17,,,,,,,,,
663,61,43,,,,,,,,,
664,45,6,,,,,,,,,
665,67,49,,,,,,,,,
666,22,3,,,,,,,,,
667,56,78,,,,,,,,,
668,48,62,,,,,,,,,
669,89,62,,,,,,,,,
670,57,29,,,,,,,,,
671,23,29,,,,,,,,,
672,18,24,,,,,,,,,
673,5,53,,,,,,,,,
674,79,87,,,,,,,,,
675,30,51,,,,,,,,,
676,100,84,,,,,,,,,
677,12,13,,,,,,,,,
678,82,44,,,,,,,,,
679,93,44,,,,,,,,,
680,78,40,,,,,,,,,
681,54,97,,,,,,,,,
682,20,27,,,,,,,,,
683,85,82,,,,,,,,,
684,100,82,,,,,,,,,
685,24,31,,,,,,,,,
686,68,82,,,,,,,,,
687,60,96,,,,,,,,,
688,30,8,,,,,,,,,
689,67,66,,,,,,,,,
690,35,92,,,,,,,,,
691,34,14,,,,,,,,,
692,87,59,,,,,,,,,
693,16,5,,,,,,,,,
694,24,28,,,,,,,,,
695,68,50,,,,,,,,,
696,56,54,,,,,,,,,
697,72,46,,,,,,,,,
698,17,13,,,,,,,,,
699,15,91,,,,,,,,,
700,80,2,,,,,,,,,
701,83,7,,,,,,,,,
702,54,29,,,,,,,,,
703,21,80,,,,,,,,,
704,89,52,,,,,,,,,
705,14,53,,,,,,,,,
706,17,46,,,,,,,,,
707,71,8,,,,,,,,,
708,64,50,,,,,,,,,
709,88,4,,,,,,,,,
710,45,8,,,,,,,,,
711,57,61,,,,,,,,,
712,50,86,,,,,,,,,
713,74,11,,,,,,,,,
714,7,25,,,,,,,,,
715,70,20,,,,,,,,,
716,72,0,,,,,,,,,
717,87,25,,,,,,,,,
718,84,64,,,,,,,,,
719,49,49,,,,,,,,,
720,26,1,,,,,,,,,
721,40,44,,,,,,,,,
722,69,33,,,,,,,,,
723,77,40,,,,,,,,,
724,39,34,,,,,,,,,
725,5,92,,,,,,,,,
726,5,20,,,,,,,,,
727,68,29,,,,,,,,,
728,10,40,,,,,,,,,
729,12,28,,,,,,,,,
730,41,53,,,,,,,,,
731,65,91,,,,,,,,,
732,88,81,,,,,,,,,
733,63,57,,,,,,,,,
734,71,20,,,,,,,,,
735,97,42,,,,,,,,,
736,12,81,,,,,,,,,
737,10,34,,,,,,,,,
738,70,24,,,,,,,,,
739,86,57,,,,,,,,,
740,99,9,,,,,,,,,
741,87,1,,,,,,,,,
742,92,12,,,,,,,,,
743,47,53,,,,,,,,,
744,32,96,,,,,,,,,
745,12,85,,,,,,,,,
746,55,18,,,,,,,,,
747,53,25,,,,,,,,,
748,88,37,,,,,,,,,
749,50,20,,,,,,,,,
750,4,87,,,,,,,,,
751,28,8,,,,,,,,,
752,88,68,,,,,,,,,
753,56,75,,,,,,,,,
754,42,64,,,,,,,,,
755,59,68,,,,,,,,,
756,91,81,,,,,,,,,
757,65,32,,,,,,,,,
758,6,86,,,,,,,,,
759,37,35,,,,,,,,,
760,50,24,,,,,,,,,
761,43,52,,,,,,,,,
762,43,61,,,,,,,,,
763,81,8,,,,,,,,,
764,71,79,,,,,,,,,
765,77,0,,,,,,,,,
766,20,2,,,,,,,,,
767,18,19,,,,,,,,,
768,93,34,,,,,,,,,
769,21,17,,,,,,,,,
770,94,6,,,,,,,,,
771,84,89,,,,,,,,,
772,82,82,,,,,,,,,
773,10,40,,,,,,,,,
774,17,40,,,,,,,,,
775,5,4,,,,,,,,,
776,97,21,,,,,,,,,
777,40,50,,,,,,,,,
778,47,26,,,,,,,,,
779,80,6,,,,,,,,,
780,78,16,,,,,,,,,
781,33,10,,,,,,,,,
782,91,59,,,,,,,,,
783,59,10,,,,,,,,,
784,45,72,,,,,,,,,
785,35,99,,,,,,,,,
786,67,64,,,,,,,,,
787,89,33,,,,,,,,,
788,92,42,,,,,,,,,
789,91,100,,,,,,,,,
790,33,9,,,,,,,,,
791,81,57,,,,,,,,,
792,31,65,,,,,,,,,
793,97,23,,,,,,,,,
794,44,60,,,,,,,,,
795,99,95,,,,,,,,,
796,94,16,,,,,,,,,
797,41,6,,,,,,,,,
798,56,28,,,,,,,,,
799,11,91,,,,,,,,,
800,20,39,,,,,,,,,
801,52,45,,,,,,,,,
802,58,48,,,,,,,,,
803,46,91,,,,,,,,,
804,76,4,,,,,,,,,
805,82,22,,,,,,,,,
806,74,58,,,,,,,,,
807,27,40,,,,,,,,,
808,18,2,,,,,,,,,
809,36,23,,,,,,,,,
810,3,68,,,,,,,,,
811,13,38,,,,,,,,,
812,54,30,,,,,,,,,
813,91,5,,,,,,,,,
814,22,92,,,,,,,,,
815,16,56,,,,,,,,,
816,31,37,,,,,,,,,
817,6,93,,,,,,,,,
818,52,65,,,,,,,,,
819,8,98,,,,,,,,,
820,88,52,,,,,,,,,
821,3,60,,,,,,,,,
822,95,43,,,,,,,,,
823,83,82,,,,,,,,,
824,79,25,,,,,,,,,
825,59,72,,,,,,,,,
826,64,41,,,,,,,,,
827,34,27,,,,,,,,,
828,48,3,,,,,,,,,
829,92,43,,,,,,,,,
830,82,31,,,,,,,,,
831,83,7,,,,,,,,,
832,47,33,,,,,,,,,
833,37,35,,,,,,,,,
834,20,55,,,,,,,,,
835,77,26,,,,,,,,,
836,38,5,,,,,,,,,
837,95,16,,,,,,,,,
838,94,50,,,,,,,,,
839,95,14,,,,,,,,,
840,74,7,,,,,,,,,
841,57,46,,,,,,,,,
842,2,13,,,,,,,,,
843,55,94,,,,,,,,,
844,93,81,,,,,,,,,
845,96,65,,,,,,,,,
846,63,90,,,,,,,,,
847,15,76,,,,,,,,,
848,94,55,,,,,,,,,
849,18,90,,,,,,,,,
850,90,29,,,,,,,,,
851,90,6,,,,,,,,,
852,57,73,,,,,,,,,
853,14,42,,,,,,,,,
854,17,99,,,,,,,,,
855,64,46,,,,,,,,,
856,51,52,,,,,,,,,
857,24,3,,,,,,,,,
858,23,35,,,,,,,,,
859,76,78,,,,,,,,,
860,2,68,,,,,,,,,
861,86,72,,,,,,,,,
862,6,17,,,,,,,,,
863,90,1,,,,,,,,,
864,73,34,,,,,,,,,
865,24,54,,,,,,,,,
866,64,95,,,,,,,,,
867,54,78,,,,,,,,,
868,90,98,,,,,,,,,
869,5,60,,,,,,,,,
870,42,53,,,,,,,,,
871,100,23,,,,,,,,,
872,13,4,,,,,,,,,
873,94,57,,,,,,,,,
874,89,74,,,,,,,,,
875,95,18,,,,,,,,,
876,41,38,,,,,,,,,
877,74,82,,,,,,,,,
878,18,43,,,,,,,,,
879,76,0,,,,,,,,,
880,81,85,,,,,,,,,
881,42,75,,,,,,,,,
882,33,38,,,,,,,,,
883,41,14,,,,,,,,,
884,90,72,,,,,,,,,
885,97,23,,,,,,,,,
886,0,9,,,,,,,,,
887,92,29,,,,,,,,,
888,40,99,,,,,,,,,
889,95,9,,,,,,,,,
890,0,77,,,,,,,,,
891,0,17,,,,,,,,,
892,33,8,,,,,,,,,
893,54,8,,,,,,,,,
894,28,32,,,,,,,,,
895,42,1,,,,,,,,,
896,47,49,,,,,,,,,
897,14,93,,,,,,,,,
898,56,31,,,,,,,,,
899,62,6,,,,,,,,,
900,35,97,,,,,,,,,
901,52,36,,,,,,,,,
902,57,96,,,,,,,,,
903,62,1,,,,,,,,,
904,82,72,,,,,,,,,
905,80,22,,,,,,,,,
906,85,90,,,,,,,,,
907,97,62,,,,,,,,,
908,64,18,,,,,,,,,
909,84,34,,,,,,,,,
910,72,17,,,,,,,,,
911,74,27,,,,,,,,,
912,28,99,,,,,,,,,
913,0,89,,,,,,,,,
914,91,88,,,,,,,,,
915,73,15,,,,,,,,,
916,98,15,,,,,,,,,
917,51,16,,,,,,,,,
918,69,16,,,,,,,,,
919,21,9,,,,,,,,,
920,62,95,,,,,,,,,
921,59,68,,,,,,,,,
922,24,79,,,,,,,,,
923,45,15,,,,,,,,,
924,34,79,,,,,,,,,
925,46,98,,,,,,,,,
926,48,15,,,,,,,,,
927,22,53,,,,,,,,,
928,5,48,,,,,,,,,
929,48,77,,,,,,,,,
930,27,70,,,,,,,,,
931,3,29,,,,,,,,,
932,95,73,,,,,,,,,
933,21,8,,,,,,,,,
934,73,86,,,,,,,,,
935,6,52,,,,,,,,,
936,37,0,,,,,,,,,
937,37,86,,,,,,,,,
938,39,88,,,,,,,,,
939,64,98,,,,,,,,,
940,89,44,,,,,,,,,
941,72,11,,,,,,,,,
942,35,99,,,,,,,,,
943,51,26,,,,,,,,,
944,54,78,,,,,,,,,
945,4,63,,,,,,,,,
946,72,76,,,,,,,,,
947,4,57,,,,,,,,,
948,52,94,,,,,,,,,
949,68,27,,,,,,,,,
950,19,54,,,,,,,,,
951,67,11,,,,,,,,,
952,54,43,,,,,,,,,
953,37,49,,,,,,,,,
954,31,96,,,,,,,,,
955,84,75,,,,,,,,,
956,89,47,,,,,,,,,
957,16,55,,,,,,,,,
958,42,55,,,,,,,,,
959,49,68,,,,,,,,,
960,9,0,,,,,,,,,
961,68,62,,,,,,,,,
962,80,80,,,,,,,,,
963,86,26,,,,,,,,,
964,99,76,,,,,,,,,
965,67,13,,,,,,,,,
966,20,61,,,,,,,,,
967,94,71,,,,,,,,,
968,73,59,,,,,,,,,
969,9,72,,,,,,,,,
970,81,78,,,,,,,,,
971,4,64,,,,,,,,,
972,77,85,,,,,,,,,
973,77,76,,,,,,,,,
974,42,5,,,,,,,,,
975,13,43,,,,,,,,,
976,14,6,,,,,,,,,
977,5,87,,,,,,,,,
978,22,78,,,,,,,,,
979,86,58,,,,,,,,,
980,44,36,,,,,,,,,
981,1,26,,,,,,,,,
982,63,45,,,,,,,,,
983,86,84,,,,,,,,,
984,53,58,,,,,,,,,
985,70,37,,,,,,,,,
986,29,59,,,,,,,,,
987,45,31,,,,,,,,,
988,0,98,,,,,,,,,
989,69,60,,,,,,,,,
990,99,17,,,,,,,,,
991,7,59,,,,,,,,,
992,75,89,,,,,,,,,
993,80,75,,,,,,,,,
994,90,71,,,,,,,,,
995,31,81,,,,,,,,,
996,52,9,,,,,,,,,
997,37,43,,,,,,,,,
998,59,78,,,,,,,,,
999,73,27,,,,,,,,,
1000,75,4,,,,,,,,,
1001,8,76,,,,,,,,,
1002,44,32,,,,,,,,,
1003,21,58,,,,,,,,,
1004,7,1,,,,,,,,,
1005,45,58,,,,,,,,,
1006,2,5,,,,,,,,,
1007,32,15,,,,,,,,,
1008,74,26,,,,,,,,,
1009,85,41,,,,,,,,,
1010,49,16,,,,,,,,,
1011,100,64,,,,,,,,,
1012,7,57,,,,,,,,,
1013,97,67,,,,,,,,,
1014,42,74,,,,,,,,,
1015,82,66,,,,,,,,,
1016,42,14,,,,,,,,,
1017,83,10,,,,,,,,,
1018,31,67,,,,,,,,,
1019,77,82,,,,,,,,,
1020,25,52,,,,,,,,,
1021,66,48,,,,,,,,,
1022,57,99,,,,,,,,,
1023,75,15,,,,,,,,,
1024,100,73,,,,,,,,,
1025,78,40,,,,,,,,,
1026,25,92,,,,,,,,,
1027,65,28,,,,,,,,,
1028,51,87,,,,,,,,,
1029,64,82,,,,,,,,,
1030,92,71,,,,,,,,,
1031,7,8,,,,,,,,,
1032,39,53,,,,,,,,,
1033,89,46,,,,,,,,,
1034,60,36,,,,,,,,,
1035,17,66,,,,,,,,,
1036,58,64,,,,,,,,,
1037,73,37,,,,,,,,,
1038,97,74,,,,,,,,,
1039,29,68,,,,,,,,,
1040,7,41,,,,,,,,,
1041,16,28,,,,,,,,,
1042,43,57,,,,,,,,,
1043,46,69,,,,,,,,,
1044,33,94,,,,,,,,,
1045,48,25,,,,,,,,,
1046,14,11,,,,,,,,,
1047,19,79,,,,,,,,,
1048,22,87,,,,,,,,,
1049,79,74,,,,,,,,,
1050,73,84,,,,,,,,,
1051,16,26,,,,,,,,,
1052,22,15,,,,,,,,,
1053,1,91,,,,,,,,,
1054,5,58,,,,,,,,,
1055,71,92,,,,,,,,,
1056,83,17,,,,,,,,,
1057,30,25,,,,,,,,,
1058,79,26,,,,,,,,,
1059,14,22,,,,,,,,,
1060,74,44,,,,,,,,,
1061,50,11,,,,,,,,,
1062,25,50,,,,,,,,,
1063,76,69,,,,,,,,,
1064,68,73,,,,,,,,,
1065,60,19,,,,,,,,,
1066,94,71,,,,,,,,,
1067,34,66,,,,,,,,,
1068,54,70,,,,,,,,,
1069,31,35,,,,,,,,,
1070,14,75,,,,,,,,,
1071,11,41,,,,,,,,,
1072,59,10,,,,,,,,,
1073,87,37,,,,,,,,,
1074,81,97,,,,,,,,,
1075,72,10,,,,,,,,,
1076,89,78,,,,,,,,,
1077,20,20,,,,,,,,,
1078,82,64,,,,,,,,,
1079,58,60,,,,,,,,,
1080,69,16,,,,,,,,,
1081,87,99,,,,,,,,,
1082,51,19,,,,,,,,,
1083,9,82,,,,,,,,,
1084,97,4,,,,,,,,,
1085,87,43,,,,,,,,,
1086,49,93,,,,,,,,,
1087,49,71,,,,,,,,,
1088,75,76,,,,,,,,,
1089,74,77,,,,,,,,,
1090,97,83,,,,,,,,,
1091,74,27,,,,,,,,,
1092,3,42,,,,,,,,,
1093,78,40,,,,,,,,,
1094,100,33,,,,,,,,,
1095,25,90,,,,,,,,,
1096,14,88,,,,,,,,,
1097,95,29,,,,,,,,,
1098,6,7,,,,,,,,,
1099,22,88,,,,,,,,,
1100,99,87,,,,,,,,,
1101,78,83,,,,,,,,,
1102,89,98,,,,,,,,,
1103,65,41,,,,,,,,,
1104,29,83,,,,,,,,,
1105,74,5,,,,,,,,,
1106,34,23,,,,,,,,,
1107,98,89,,,,,,,,,
1108,2,14,,,,,,,,,
1109,76,24,,,,,,,,,
1110,74,61,,,,,,,,,
1111,97,49,,,,,,,,,
1112,63,68,,,,,,,,,
1113,87,57,,,,,,,,,
1114,15,35,,,,,,,,,
1115,73,90,,,,,,,,,
1116,58,39,,,,,,,,,
1117,0,3,,,,,,,,,
1118,27,87,,,,,,,,,
1119,46,91,,,,,,,,,
1120,20,96,,,,,,,,,
1121,59,15,,,,,,,,,
1122,93,18,,,,,,,,,
1123,67,84,,,,,,,,,
1124,0,66,,,,,,,,,
1125,100,46,,,,,,,,,
1126,35,10,,,,,,,,,
1127,85,23,,,,,,,,,
1128,61,98,,,,,,,,,
1129,12,22,,,,,,,,,
1130,67,88,,,,,,,,,
1131,28,63,,,,,,,,,
1132,98,6,,,,,,,,,
1133,27,30,,,,,,,,,
1134,92,22,,,,,,,,,
1135,68,89,,,,,,,,,
1136,52,4,,,,,,,,,
1137,37,35,,,,,,,,,
1138,42,85,,,,,,,,,
1139,27,38,,,,,,,,,
1140,60,18,,,,,,,,,
1141,99,22,,,,,,,,,
1142,2,10,,,,,,,,,
1143,3,65,,,,,,,,,
1144,76,37,,,,,,,,,
1145,14,72,,,,,,,,,
1146,62,69,,,,,,,,,
1147,74,78,,,,,,,,,
1148,21,99,,,,,,,,,
1149,60,20,,,,,,,,,
1150,81,97,,,,,,,,,
1151,20,58,,,,,,,,,
1152,12,6,,,,,,,,,
1153,82,86,,,,,,,,,
1154,19,18,,,,,,,,,
1155,40,5,,,,,,,,,
1156,38,6,,,,,,,,,
1157,2,90,,,,,,,,,
1158,36,32,,,,,,,,,
1159,17,11,,,,,,,,,
1160,85,45,,,,,,,,,
1161,55,89,,,,,,,,,
1162,8,5,,,,,,,,,
1163,96,20,,,,,,,,,
1164,20,13,,,,,,,,,
1165,69,56,,,,,,,,,
1166,56,29,,,,,,,,,
1167,91,88,,,,,,,,,
1168,5,58,,,,,,,,,
1169,56,85,,,,,,,,,
1170,61,87,,,,,,,,,
1171,33,12,,,,,,,,,
1172,45,96,,,,,,,,,
1173,50,85,,,,,,,,,
1174,5,95,,,,,,,,,
1175,63,19,,,,,,,,,
1176,5,37,,,,,,,,,
1177,49,16,,,,,,,,,
1178,25,84,,,,,,,,,
1179,19,19,,,,,,,,,
1180,96,57,,,,,,,,,
1181,80,62,,,,,,,,,
1182,97,11,,,,,,,,,
1183,29,62,,,,,,,,,
1184,98,62,,,,,,,,,
1185,13,28,,,,,,,,,
1186,37,19,,,,,,,,,
1187,50,27,,,,,,,,,
1188,3,21,,,,,,,,,
1189,50,80,,,,,,,,,
1190,12,7,,,,,,,,,
1191,32,37,,,,,,,,,
1192,3,30,,,,,,,,,
1193,92,52,,,,,,,,,
1194,55,32,,,,,,,,,
1195,95,61,,,,,,,,,
1196,5,88,,,,,,,,,
1197,72,4,,,,,,,,,
1198,74,99,,,,,,,,,
1199,12,78,,,,,,,,,
1200,70,38,,,,,,,,,
1201,44,95,,,,,,,,,
1202,32,74,,,,,,,,,
1203,85,6,,,,,,,,,
1204,1,29,,,,,,,,,
1205,54,72,,,,,,,,,
1206,32,85,,,,,,,,,
1207,50,51,,,,,,,,,
1208,38,27,,,,,,,,,
1209,63,36,,,,,,,,,
1210,51,95,,,,,,,,,
1211,5,76,,,,,,,,,
1212,33,51,,,,,,,,,
1213,92,80,,,,,,,,,
1214,6,3,,,,,,,,,
1215,35,71,,,,,,,,,
1216,95,40,,,,,,,,,
1217,88,6,,,,,,,,,
1218,5,95,,,,,,,,,
1219,84,51,,,,,,,,,
1220,25,51,,,,,,,,,
1221,10,75,,,,,,,,,
1222,100,17,,,,,,,,,
1223,91,17,,,,,,,,,
1224,71,20,,,,,,,,,
1225,15,1,,,,,,,,,
1226,64,75,,,,,,,,,
1227,11,34,,,,,,,,,
1228,6,51,,,,,,,,,
1229,8,5,,,,,,,,,
1230,98,32,,,,,,,,,
1231,47,7,,,,,,,,,
1232,99,33,,,,,,,,,
1233,17,65,,,,,,,,,
1234,91,89,,,,,,,,,
1235,83,9,,,,,,,,,
1236,24,88,,,,,,,,,
1237,31,95,,,,,,,,,
1238,99,34,,,,,,,,,
1239,16,72,,,,,,,,,
1240,5,92,,,,,,,,,
1241,24,44,,,,,,,,,
1242,24,62,,,,,,,,,
1243,89,26,,,,,,,,,
1244,63,20,,,,,,,,,
1245,17,96,,,,,,,,,
1246,54,51,,,,,,,,,
1247,84,28,,,,,,,,,
1248,5,30,,,,,,,,,
1249,57,60,,,,,,,,,
1250,99,53,,,,,,,,,
1251,42,43,,,,,,,,,
1252,28,76,,,,,,,,,
1253,13,42,,,,,,,,,
1254,55,2,,,,,,,,,
1255,72,78,,,,,,,,,
1256,50,19,,,,,,,,,
1257,77,91,,,,,,,,,
1258,61,2,,,,,,,,,
1259,31,5,,,,,,,,,
1260,71,85,,,,,,,,,
1261,83,17,,,,,,,,,
1262,25,6,,,,,,,,,
1263,11,66,,,,,,,,,
1264,66,9,,,,,,,,,
1265,25,84,,,,,,,,,
1266,19,13,,,,,,,,,
1267,87,29,,,,,,,,,
1268,45,26,,,,,,,,,
1269,2,48,,,,,,,,,
1270,93,72,,,,,,,,,
1271,46,20,,,,,,,,,
1272,94,5,,,,,,,,,
1273,60,62,,,,,,,,,
1274,19,17,,,,,,,,,
1275,73,59,,,,,,,,,
1276,34,6,,,,,,,,,
1277,33,39,,,,,,,,,
1278,24,85,,,,,,,,,
1279,7,57,,,,,,,,,
1280,63,6,,,,,,,,,
1281,53,14,,,,,,,,,
1282,85,70,,,,,,,,,
1283,31,87,,,,,,,,,
1284,64,78,,,,,,,,,
1285,44,50,,,,,,,,,
1286,60,70,,,,,,,,,
1287,96,7,,,,,,,,,
1288,31,22,,,,,,,,,
1289,31,87,,,,,,,,,
1290,26,87,,,,,,,,,
1291,95,82,,,,,,,,,
1292,84,87,,,,,,,,,
1293,48,92,,,,,,,,,
1294,14,67,,,,,,,,,
1295,41,83,,,,,,,,,
1296,24,7,,,,,,,,,
1297,45,26,,,,,,,,,
1298,2,55,,,,,,,,,
1299,60,58,,,,,,,,,
1300,63,21,,,,,,,,,
1301,69,85,,,,,,,,,
1302,77,87,,,,,,,,,
1303,66,94,,,,,,,,,
1304,95,24,,,,,,,,,
1305,55,13,,,,,,,,,
1306,86,90,,,,,,,,,
1307,27,70,,,,,,,,,
1308,34,58,,,,,,,,,
1309,13,91,,,,,,,,,
1310,69,64,,,,,,,,,
1311,33,15,,,,,,,,,
1312,62,51,,,,,,,,,
1313,65,43,,,,,,,,,
1314,47,20,,,,,,,,,
1315,65,94,,,,,,,,,
1316,27,5,,,,,,,,,
1317,98,62,,,,,,,,,
1318,15,15,,,,,,,,,
1319,5,1,,,,,,,,,
1320,27,58,,,,,,,,,
1321,79,84,,,,,,,,,
1322,40,67,,,,,,,,,
1323,51,12,,,,,,,,,
1324,5,34,,,,,,,,,
1325,61,92,,,,,,,,,
1327,39,73,,,,,,,,,
1328,78,6,,,,,,,,,
1329,93,55,,,,,,,,,
1330,17,84,,,,,,,,,
1331,88,68,,,,,,,,,
1332,81,3,,,,,,,,,
1333,69,50,,,,,,,,,
1334,57,25,,,,,,,,,
1335,84,58,,,,,,,,,
1336,47,15,,,,,,,,,
1337,41,6,,,,,,,,,
1338,96,47,,,,,,,,,
1339,30,75,,,,,,,,,
1340,51,96,,,,,,,,,
1341,69,32,,,,,,,,,
1342,48,63,,,,,,,,,
1343,36,45,,,,,,,,,
1344,47,14,,,,,,,,,
1345,60,0,,,,,,,,,
1346,41,11,,,,,,,,,
1347,49,28,,,,,,,,,
1348,69,77,,,,,,,,,
1349,15,74,,,,,,,,,
1350,32,70,,,,,,,,,
1351,78,73,,,,,,,,,
1352,37,97,,,,,,,,,
1353,55,99,,,,,,,,,
1354,22,86,,,,,,,,,
1355,0,100,,,,,,,,,
1356,28,75,,,,,,,,,
1357,68,82,,,,,,,,,
1358,50,56,,,,,,,,,
1359,98,97,,,,,,,,,
1360,77,79,,,,,,,,,
1361,89,37,,,,,,,,,
1362,6,54,,,,,,,,,
1363,86,81,,,,,,,,,
1364,0,13,,,,,,,,,
1365,83,98,,,,,,,,,
1366,65,62,,,,,,,,,
1367,93,44,,,,,,,,,
1368,38,10,,,,,,,,,
1369,95,66,,,,,,,,,
1370,0,6,,,,,,,,,
1371,46,75,,,,,,,,,
1372,63,47,,,,,,,,,
1373,10,7,,,,,,,,,
1374,55,34,,,,,,,,,
1375,84,0,,,,,,,,,
1376,20,17,,,,,,,,,
1377,99,14,,,,,,,,,
1378,44,79,,,,,,,,,
1379,11,63,,,,,,,,,
1380,95,62,,,,,,,,,
1381,67,87,,,,,,,,,
1382,58,91,,,,,,,,,
1383,25,60,,,,,,,,,
1384,15,33,,,,,,,,,
1385,90,59,,,,,,,,,
1386,70,38,,,,,,,,,
1387,76,26,,,,,,,,,
1389,0,35,,,,,,,,,
1390,94,69,,,,,,,,,
1391,61,67,,,,,,,,,
1392,17,74,,,,,,,,,
1393,9,1,,,,,,,,,
1394,5,65,,,,,,,,,
1395,78,13,,,,,,,,,
1396,46,53,,,,,,,,,
1397,95,30,,,,,,,,,
1398,95,95,,,,,,,,,
1399,25,96,,,,,,,,,
1400,68,64,,,,,,,,,
1401,91,30,,,,,,,,,
1402,29,80,,,,,,,,,
1403,87,42,,,,,,,,,
1404,92,14,,,,,,,,,
1405,28,16,,,,,,,,,
1406,23,21,,,,,,,,,
1407,83,75,,,,,,,,,
1408,20,26,,,,,,,,,
1409,19,40,,,,,,,,,
1410,29,49,,,,,,,,,
1411,0,59,,,,,,,,,
1412,16,10,,,,,,,,,
1413,77,68,,,,,,,,,
1414,61,16,,,,,,,,,
1415,84,15,,,,,,,,,
1416,90,1,,,,,,,,,
1417,7,35,,,,,,,,,
1418,85,54,,,,,,,,,
1419,67,1,,,,,,,,,
1420,25,41,,,,,,,,,
1421,58,40,,,,,,,,,
1422,40,29,,,,,,,,,
1423,70,77,,,,,,,,,
1424,87,30,,,,,,,,,
1425,55,94,,,,,,,,,
1426,28,91,,,,,,,,,
1427,66,38,,,,,,,,,
1428,14,36,,,,,,,,,
1429,94,32,,,,,,,,,
1430,46,64,,,,,,,,,
1431,30,66,,,,,,,,,
1432,46,18,,,,,,,,,
1433,73,61,,,,,,,,,
1434,73,38,,,,,,,,,
1435,70,59,,,,,,,,,
1436,76,11,,,,,,,,,
1437,2,53,,,,,,,,,
1438,58,82,,,,,,,,,
1439,77,64,,,,,,,,,
1440,42,35,,,,,,,,,
1441,10,87,,,,,,,,,
1442,78,44,,,,,,,,,
1443,46,95,,,,,,,,,
1444,63,90,,,,,,,,,
1445,96,9,,,,,,,,,
1446,92,45,,,,,,,,,
1447,69,65,,,,,,,,,
1448,29,74,,,,,,,,,
1449,97,35,,,,,,,,,
1450,72,1,,,,,,,,,
1451,67,88,,,,,,,,,
1452,87,11,,,,,,,,,
1453,33,49,,,,,,,,,
1454,0,15,,,,,,,,,
1455,62,28,,,,,,,,,
1456,36,39,,,,,,,,,
1457,35,97,,,,,,,,,
1458,36,60,,,,,,,,,
1459,49,73,,,,,,,,,
1460,3,13,,,,,,,,,
1461,95,63,,,,,,,,,
1462,74,2,,,,,,,,,
1463,100,98,,,,,,,,,
1464,72,23,,,,,,,,,
1465,53,29,,,,,,,,,
1466,51,48,,,,,,,,,
1467,9,56,,,,,,,,,
1468,56,22,,,,,,,,,
1469,33,76,,,,,,,,,
1470,39,88,,,,,,,,,
1471,38,81,,,,,,,,,
1472,51,49,,,,,,,,,
1473,12,12,,,,,,,,,
1474,11,69,,,,,,,,,
1475,51,7,,,,,,,,,
1476,22,96,,,,,,,,,
1477,5,70,,,,,,,,,
1478,33,96,,,,,,,,,
1479,47,6,,,,,,,,,
1480,54,81,,,,,,,,,
1481,15,35,,,,,,,,,
1482,20,80,,,,,,,,,
1483,17,93,,,,,,,,,
1484,25,18,,,,,,,,,
1485,11,47,,,,,,,,,
1486,84,58,,,,,,,,,
1487,35,95,,,,,,,,,
1488,26,53,,,,,,,,,
1489,38,41,,,,,,,,,
1490,72,29,,,,,,,,,
1491,8,93,,,,,,,,,
1492,79,57,,,,,,,,,
1493,79,34,,,,,,,,,
1494,35,35,,,,,,,,,
1495,80,7,,,,,,,,,
1496,39,53,,,,,,,,,
1497,62,81,,,,,,,,,
1498,38,62,,,,,,,,,
1499,55,58,,,,,,,,,
1500,49,77,,,,,,,,,
1501,26,87,,,,,,,,,
1502,64,1,,,,,,,,,
1503,38,6,,,,,,,,,
1504,9,59,,,,,,,,,
1505,31,83,,,,,,,,,
1506,67,94,,,,,,,,,
1507,64,47,,,,,,,,,
1508,100,18,,,,,,,,,
1509,51,12,,,,,,,,,
1510,71,75,,,,,,,,,
1511,0,69,,,,,,,,,
1512,21,87,,,,,,,,,
1513,60,80,,,,,,,,,
1514,81,10,,,,,,,,,
1515,31,19,,,,,,,,,
1516,91,98,,,,,,,,,
1517,99,42,,,,,,,,,
1518,91,58,,,,,,,,,
1519,65,44,,,,,,,,,
1520,11,70,,,,,,,,,
1521,22,81,,,,,,,,,
1522,35,2,,,,,,,,,
1523,21,9,,,,,,,,,
1524,77,67,,,,,,,,,
1525,95,1,,,,,,,,,
1526,88,34,,,,,,,,,
1527,60,44,,,,,,,,,
1528,70,51,,,,,,,,,
1529,13,89,,,,,,,,,
1530,11,42,,,,,,,,,
1531,18,22,,,,,,,,,
1532,66,14,,,,,,,,,
1533,24,99,,,,,,,,,
1534,84,82,,,,,,,,,
1535,73,60,,,,,,,,,
1536,96,50,,,,,,,,,
1537,47,41,,,,,,,,,
1538,52,1,,,,,,,,,
1539,26,31,,,,,,,,,
1540,23,14,,,,,,,,,
1541,99,11,,,,,,,,,
1542,85,32,,,,,,,,,
1543,87,29,,,,,,,,,
1544,9,41,,,,,,,,,
1545,56,89,,,,,,,,,
1546,79,67,,,,,,,,,
1547,33,62,,,,,,,,,
1548,100,54,,,,,,,,,
1549,48,16,,,,,,,,,
1550,60,50,,,,,,,,,
1551,6,41,,,,,,,,,
1552,10,88,,,,,,,,,
1553,57,86,,,,,,,,,
1554,22,52,,,,,,,,,
1555,59,65,,,,,,,,,
1556,80,98,,,,,,,,,
1557,1,21,,,,,,,,,
1558,61,65,,,,,,,,,
1559,8,22,,,,,,,,,
1560,0,72,,,,,,,,,
1561,24,12,,,,,,,,,
1562,30,68,,,,,,,,,
1563,34,58,,,,,,,,,
1564,96,90,,,,,,,,,
1565,69,33,,,,,,,,,
1566,56,4,,,,,,,,,
1567,5,60,,,,,,,,,
1568,11,14,,,,,,,,,
1569,43,0,,,,,,,,,
1570,49,61,,,,,,,,,
1571,69,80,,,,,,,,,
1572,30,98,,,,,,,,,
1573,0,10,,,,,,,,,
1574,7,97,,,,,,,,,
1575,82,18,,,,,,,,,
1576,95,23,,,,,,,,,
1577,61,33,,,,,,,,,
1578,44,100,,,,,,,,,
1579,85,54,,,,,,,,,
1580,75,5,,,,,,,,,
1581,47,36,,,,,,,,,
1582,40,82,,,,,,,,,
1583,51,42,,,,,,,,,
1584,45,31,,,,,,,,,
1585,82,77,,,,,,,,,
1586,88,69,,,,,,,,,
1587,59,80,,,,,,,,,
1588,27,39,,,,,,,,,
1589,66,87,,,,,,,,,
1590,12,49,,,,,,,,,
1591,50,84,,,,,,,,,
1592,54,6,,,,,,,,,
1593,53,95,,,,,,,,,
1594,22,73,,,,,,,,,
1595,49,20,,,,,,,,,
1596,7,83,,,,,,,,,
1597,43,81,,,,,,,,,
1598,72,56,,,,,,,,,
1599,43,48,,,,,,,,,
1600,85,4,,,,,,,,,
1601,59,10,,,,,,,,,
1602,61,71,,,,,,,,,
1603,19,23,,,,,,,,,
1604,72,99,,,,,,,,,
1605,90,39,,,,,,,,,
1606,35,16,,,,,,,,,
1607,63,81,,,,,,,,,
1608,50,86,,,,,,,,,
1609,42,25,,,,,,,,,
1610,66,57,,,,,,,,,
1611,37,51,,,,,,,,,
1612,29,60,,,,,,,,,
1613,87,97,,,,,,,,,
1614,52,9,,,,,,,,,
1615,47,99,,,,,,,,,
1616,14,81,,,,,,,,,
1617,55,18,,,,,,,,,
1618,76,13,,,,,,,,,
1619,44,45,,,,,,,,,
1620,87,99,,,,,,,,,
1621,51,39,,,,,,,,,
1622,84,73,,,,,,,,,
1623,89,54,,,,,,,,,
1624,91,81,,,,,,,,,
1625,8,97,,,,,,,,,
1626,14,72,,,,,,,,,
1627,87,73,,,,,,,,,
1628,73,44,,,,,,,,,
1629,66,44,,,,,,,,,
1630,79,16,,,,,,,,,
1631,52,42,,,,,,,,,
1632,99,94,,,,,,,,,
1633,99,4,,,,,,,,,
1634,6,97,,,,,,,,,
1635,17,62,,,,,,,,,
1636,43,27,,,,,,,,,
1637,45,56,,,,,,,,,
1638,25,29,,,,,,,,,
1639,17,12,,,,,,,,,
1640,60,20,,,,,,,,,
1641,14,70,,,,,,,,,
1642,87,57,,,,,,,,,
1643,57,30,,,,,,,,,
1644,37,87,,,,,,,,,
1645,93,94,,,,,,,,,
1646,32,48,,,,,,,,,
1647,89,28,,,,,,,,,
1648,85,83,,,,,,,,,
1649,44,7,,,,,,,,,
1650,65,2,,,,,,,,,
1651,56,88,,,,,,,,,
1652,74,89,,,,,,,,,
1653,37,3,,,,,,,,,
1654,25,40,,,,,,,,,
1655,93,62,,,,,,,,,
1656,71,67,,,,,,,,,
1657,39,87,,,,,,,,,
1658,85,72,,,,,,,,,
1659,91,62,,,,,,,,,
1660,60,69,,,,,,,,,
1661,50,3,,,,,,,,,
1662,88,53,,,,,,,,,
1663,36,20,,,,,,,,,
1664,62,68,,,,,,,,,
1665,92,51,,,,,,,,,
1666,69,32,,,,,,,,,
1667,18,92,,,,,,,,,
1668,68,75,,,,,,,,,
1669,66,74,,,,,,,,,
1670,12,41,,,,,,,,,
1671,13,53,,,,,,,,,
1672,15,82,,,,,,,,,
1673,33,5,,,,,,,,,
1674,73,81,,,,,,,,,
1675,78,36,,,,,,,,,
1676,85,49,,,,,,,,,
1677,27,15,,,,,,,,,
1678,15,32,,,,,,,,,
1679,89,9,,,,,,,,,
1680,12,19,,,,,,,,,
1681,82,49,,,,,,,,,
1682,25,95,,,,,,,,,
1683,89,65,,,,,,,,,
1684,98,100,,,,,,,,,
1685,14,90,,,,,,,,,
1686,2,20,,,,,,,,,
1687,99,71,,,,,,,,,
1688,86,67,,,,,,,,,
1689,53,72,,,,,,,,,
1690,48,13,,,,,,,,,
1691,31,90,,,,,,,,,
1692,43,26,,,,,,,,,
1693,43,36,,,,,,,,,
1694,42,56,,,,,,,,,
1695,88,75,,,,,,,,,
1696,60,32,,,,,,,,,
1697,11,0,,,,,,,,,
1698,90,51,,,,,,,,,
1699,90,45,,,,,,,,,
1700,81,99,,,,,,,,,
1701,48,94,,,,,,,,,
1702,28,22,,,,,,,,,
1703,71,73,,,,,,,,,
1704,7,92,,,,,,,,,
1705,82,57,,,,,,,,,
1706,84,20,,,,,,,,,
1707,68,59,,,,,,,,,
1708,91,64,,,,,,,,,
1709,78,85,,,,,,,,,
1710,53,52,,,,,,,,,
1711,67,33,,,,,,,,,
1712,16,45,,,,,,,,,
1713,73,40,,,,,,,,,
1714,72,22,,,,,,,,,
1715,41,62,,,,,,,,,
1716,66,4,,,,,,,,,
1717,28,85,,,,,,,,,
1718,4,96,,,,,,,,,
1719,9,92,,,,,,,,,
1720,47,70,,,,,,,,,
1721,4,74,,,,,,,,,
1722,45,52,,,,,,,,,
1723,23,82,,,,,,,,,
1724,85,96,,,,,,,,,
1725,41,28,,,,,,,,,
1726,31,92,,,,,,,,,
1727,35,71,,,,,,,,,
1728,51,3,,,,,,,,,
1729,71,66,,,,,,,,,
1730,89,82,,,,,,,,,
1731,98,34,,,,,,,,,
1732,79,34,,,,,,,,,
1733,77,16,,,,,,,,,
1734,51,83,,,,,,,,,
1735,84,92,,,,,,,,,
1736,85,90,,,,,,,,,
1737,90,99,,,,,,,,,
1738,16,5,,,,,,,,,
1739,53,71,,,,,,,,,
1740,66,50,,,,,,,,,
1741,50,98,,,,,,,,,
1742,69,38,,,,,,,,,
1743,83,4,,,,,,,,,
1744,95,24,,,,,,,,,
1745,53,46,,,,,,,,,
1746,98,11,,,,,,,,,
1747,75,24,,,,,,,,,
1748,3,58,,,,,,,,,
1749,88,25,,,,,,,,,
1750,10,90,,,,,,,,,
1751,6,94,,,,,,,,,
1752,53,35,,,,,,,,,
1753,46,45,,,,,,,,,
1754,51,52,,,,,,,,,
1755,17,49,,,,,,,,,
1756,92,77,,,,,,,,,
1757,49,6,,,,,,,,,
1758,66,82,,,,,,,,,
1759,100,57,,,,,,,,,
1760,61,76,,,,,,,,,
1761,45,61,,,,,,,,,
1762,69,19,,,,,,,,,
1763,3,25,,,,,,,,,
1764,69,91,,,,,,,,,
1765,4,56,,,,,,,,,
1766,95,56,,,,,,,,,
1767,27,87,,,,,,,,,
1768,72,1,,,,,,,,,
1769,95,42,,,,,,,,,
1770,63,70,,,,,,,,,
1771,43,32,,,,,,,,,
1772,2,95,,,,,,,,,
1773,41,38,,,,,,,,,
1774,22,74,,,,,,,,,
1775,98,21,,,,,,,,,
1776,53,45,,,,,,,,,
1777,91,5,,,,,,,,,
1778,43,7,,,,,,,,,
1779,16,23,,,,,,,,,
1780,3,1,,,,,,,,,
1781,63,7,,,,,,,,,
1782,72,88,,,,,,,,,
1783,13,65,,,,,,,,,
1784,11,10,,,,,,,,,
1785,50,18,,,,,,,,,
1786,43,10,,,,,,,,,
1787,71,10,,,,,,,,,
1788,90,29,,,,,,,,,
1789,62,64,,,,,,,,,
1790,100,18,,,,,,,,,
1791,30,30,,,,,,,,,
1792,48,2,,,,,,,,,
1793,65,95,,,,,,,,,
1794,41,86,,,,,,,,,
1795,33,80,,,,,,,,,
1796,69,45,,,,,,,,,
1797,83,62,,,,,,,,,
1798,12,11,,,,,,,,,
1799,48,40,,,,,,,,,
1800,89,14,,,,,,,,,
1801,58,0,,,,,,,,,
1802,12,18,,,,,,,,,
1803,11,78,,,,,,,,,
1804,11,74,,,,,,,,,
1805,56,3,,,,,,,,,
1806,84,27,,,,,,,,,
1807,94,77,,,,,,,,,
1808,57,35,,,,,,,,,
1809,55,50,,,,,,,,,
1810,94,37,,,,,,,,,
1811,33,37,,,,,,,,,
1812,81,83,,,,,,,,,
1813,45,30,,,,,,,,,
1814,10,56,,,,,,,,,
1815,69,14,,,,,,,,,
1816,19,21,,,,,,,,,
1817,26,18,,,,,,,,,
1818,74,25,,,,,,,,,
1819,75,86,,,,,,,,,
1820,91,71,,,,,,,,,
1821,0,67,,,,,,,,,
1822,64,56,,,,,,,,,
1823,22,43,,,,,,,,,
1824,81,86,,,,,,,,,
1825,98,87,,,,,,,,,
1826,80,60,,,,,,,,,
1827,86,28,,,,,,,,,
1828,5,67,,,,,,,,,
1829,70,61,,,,,,,,,
1830,45,46,,,,,,,,,
1831,5,0,,,,,,,,,
1832,11,22,,,,,,,,,
1833,4,52,,,,,,,,,
1834,6,33,,,,,,,,,
1835,63,68,,,,,,,,,
1836,62,50,,,,,,,,,
1837,79,22,,,,,,,,,
1838,88,16,,,,,,,,,
1839,20,92,,,,,,,,,
1840,80,35,,,,,,,,,
1841,82,6,,,,,,,,,
1842,40,18,,,,,,,,,
1843,61,71,,,,,,,,,
1844,57,44,,,,,,,,,
1845,82,43,,,,,,,,,
1846,63,12,,,,,,,,,
1847,69,32,,,,,,,,,
1848,10,23,,,,,,,,,
1849,45,55,,,,,,,,,
1850,56,25,,,,,,,,,
1851,92,16,,,,,,,,,
1852,67,54,,,,,,,,,
1853,97,21,,,,,,,,,
1854,50,75,,,,,,,,,
1855,69,36,,,,,,,,,
1856,36,68,,,,,,,,,
1857,81,43,,,,,,,,,
1858,95,21,,,,,,,,,
1859,47,11,,,,,,,,,
1860,83,20,,,,,,,,,
1861,35,14,,,,,,,,,
1862,38,57,,,,,,,,,
1863,7,95,,,,,,,,,
1864,34,90,,,,,,,,,
1865,5,64,,,,,,,,,
1866,53,97,,,,,,,,,
1867,35,50,,,,,,,,,
1868,60,63,,,,,,,,,
1869,17,99,,,,,,,,,
1870,36,23,,,,,,,,,
1871,47,0,,,,,,,,,
1872,36,51,,,,,,,,,
1873,16,64,,,,,,,,,
1874,6,3,,,,,,,,,
1875,61,19,,,,,,,,,
1876,66,73,,,,,,,,,
1877,36,65,,,,,,,,,
1878,71,82,,,,,,,,,
1879,74,61,,,,,,,,,
1880,7,33,,,,,,,,,
1881,51,45,,,,,,,,,
1882,78,71,,,,,,,,,
1883,6,95,,,,,,,,,
1884,49,3,,,,,,,,,
1885,25,43,,,,,,,,,
1886,24,2,,,,,,,,,
1887,64,3,,,,,,,,,
1888,18,73,,,,,,,,,
1889,61,4,,,,,,,,,
1890,25,5,,,,,,,,,
1891,95,6,,,,,,,,,
1892,43,22,,,,,,,,,
1893,8,21,,,,,,,,,
1894,7,74,,,,,,,,,
1895,76,88,,,,,,,,,
1896,44,8,,,,,,,,,
1897,90,73,,,,,,,,,
1898,23,63,,,,,,,,,
1899,85,8,,,,,,,,,
1900,79,48,,,,,,,,,
1901,72,10,,,,,,,,,
1902,14,95,,,,,,,,,
1903,89,95,,,,,,,,,
1904,43,89,,,,,,,,,
1905,61,46,,,,,,,,,
1906,63,67,,,,,,,,,
1907,21,47,,,,,,,,,
1908,67,90,,,,,,,,,
1909,37,98,,,,,,,,,
1910,54,40,,,,,,,,,
1911,6,52,,,,,,,,,
1912,30,36,,,,,,,,,
1913,55,28,,,,,,,,,
1914,56,43,,,,,,,,,
1915,14,12,,,,,,,,,
1916,17,7,,,,,,,,,
1917,3,75,,,,,,,,,
1918,37,87,,,,,,,,,
1919,72,85,,,,,,,,,
1920,71,88,,,,,,,,,
1921,54,90,,,,,,,,,
1922,27,80,,,,,,,,,
1923,63,23,,,,,,,,,
1924,46,83,,,,,,,,,
1925,29,31,,,,,,,,,
1926,95,54,,,,,,,,,
1927,19,70,,,,,,,,,
1928,61,29,,,,,,,,,
1929,40,7,,,,,,,,,
1930,97,79,,,,,,,,,
1931,22,42,,,,,,,,,
1932,31,87,,,,,,,,,
1933,30,11,,,,,,,,,
1934,9,24,,,,,,,,,
1935,83,4,,,,,,,,,
1936,96,62,,,,,,,,,
1937,82,98,,,,,,,,,
1938,45,100,,,,,,,,,
1939,53,68,,,,,,,,,
1940,36,57,,,,,,,,,
1941,79,100,,,,,,,,,
1942,25,10,,,,,,,,,
1943,57,94,,,,,,,,,
1944,57,13,,,,,,,,,
1945,37,68,,,,,,,,,
1946,62,20,,,,,,,,,
1947,97,24,,,,,,,,,
1948,75,23,,,,,,,,,
1949,46,45,,,,,,,,,
1950,20,71,,,,,,,,,
1951,31,97,,,,,,,,,
1952,70,24,,,,,,,,,
1953,100,7,,,,,,,,,
1954,52,71,,,,,,,,,
1955,59,3,,,,,,,,,
1956,62,11,,,,,,,,,
1957,92,91,,,,,,,,,
1958,72,88,,,,,,,,,
1959,65,18,,,,,,,,,
1960,73,50,,,,,,,,,
1961,92,33,,,,,,,,,
1962,23,45,,,,,,,,,
1963,58,17,,,,,,,,,
1964,28,58,,,,,,,,,
1965,93,74,,,,,,,,,
1966,57,15,,,,,,,,,
1967,7,39,,,,,,,,,
1968,10,4,,,,,,,,,
1969,1,69,,,,,,,,,
1970,43,92,,,,,,,,,
1971,86,38,,,,,,,,,
1972,44,76,,,,,,,,,
1973,20,88,,,,,,,,,
1974,29,1,,,,,,,,,
1975,46,33,,,,,,,,,
1976,78,13,,,,,,,,,
1977,85,24,,,,,,,,,
1978,38,75,,,,,,,,,
1979,22,85,,,,,,,,,
1980,52,65,,,,,,,,,
1981,17,17,,,,,,,,,
1982,76,96,,,,,,,,,
1983,76,3,,,,,,,,,
1984,70,43,,,,,,,,,
1985,77,85,,,,,,,,,
1986,69,34,,,,,,,,,
1987,33,58,,,,,,,,,
1988,81,42,,,,,,,,,
1989,66,52,,,,,,,,,
1990,7,6,,,,,,,,,
1991,85,66,,,,,,,,,
1992,65,59,,,,,,,,,
1993,79,1,,,,,,,,,
1994,70,19,,,,,,,,,
1995,47,44,,,,,,,,,
1996,34,11,,,,,,,,,
1997,44,65,,,,,,,,,
1998,19,95,,,,,,,,,
1999,88,58,,,,,,,,,
2000,84,68,,,,,,,,,
2001,42,38,,,,,,,,,
2002,41,25,,,,,,,,,
2003,7,72,,,,,,,,,
2004,60,39,,,,,,,,,
2005,10,44,,,,,,,,,
2006,84,88,,,,,,,,,
2007,59,0,,,,,,,,,
2008,29,68,,,,,,,,,
2009,36,70,,,,,,,,,
2010,48,2,,,,,,,,,
2011,40,65,,,,,,,,,
2012,1,91,,,,,,,,,
2013,29,18,,,,,,,,,
2014,15,93,,,,,,,,,
2015,88,62,,,,,,,,,
2016,42,44,,,,,,,,,
2017,91,56,,,,,,,,,
2018,75,71,,,,,,,,,
2019,17,54,,,,,,,,,
2020,35,64,,,,,,,,,
2021,26,31,,,,,,,,,
2022,79,56,,,,,,,,,
2023,80,28,,,,,,,,,
2024,3,33,,,,,,,,,
2025,40,62,,,,,,,,,
2026,72,29,,,,,,,,,
2027,62,58,,,,,,,,,
2028,78,40,,,,,,,,,
2029,11,22,,,,,,,,,
2030,75,57,,,,,,,,,
2031,40,10,,,,,,,,,
2032,96,89,,,,,,,,,
2033,58,14,,,,,,,,,
2034,22,17,,,,,,,,,
2035,53,84,,,,,,,,,
2036,45,30,,,,,,,,,
2037,13,23,,,,,,,,,
2038,12,18,,,,,,,,,
2039,35,17,,,,,,,,,
2040,76,73,,,,,,,,,
2041,84,69,,,,,,,,,
2042,64,5,,,,,,,,,
2043,38,24,,,,,,,,,
2044,8,62,,,,,,,,,
2045,91,84,,,,,,,,,
2046,46,46,,,,,,,,,
2047,38,12,,,,,,,,,
2048,6,95,,,,,,,,,
2049,33,37,,,,,,,,,
2050,61,62,,,,,,,,,
2051,23,43,,,,,,,,,
2052,73,45,,,,,,,,,
2053,37,29,,,,,,,,,
2054,26,77,,,,,,,,,
2055,46,79,,,,,,,,,
2056,30,28,,,,,,,,,
2057,65,36,,,,,,,,,
2058,92,16,,,,,,,,,
2059,42,56,,,,,,,,,
2060,36,7,,,,,,,,,
2061,72,14,,,,,,,,,
2062,63,29,,,,,,,,,
2063,98,21,,,,,,,,,
2064,86,38,,,,,,,,,
2065,38,42,,,,,,,,,
2066,37,53,,,,,,,,,
2067,51,90,,,,,,,,,
2068,75,69,,,,,,,,,
2069,30,25,,,,,,,,,
2070,32,24,,,,,,,,,
2071,8,23,,,,,,,,,
2072,64,99,,,,,,,,,
2073,55,21,,,,,,,,,
2074,84,41,,,,,,,,,
2075,67,62,,,,,,,,,
2076,8,18,,,,,,,,,
2077,7,67,,,,,,,,,
2078,7,8,,,,,,,,,
2079,60,67,,,,,,,,,
2080,33,71,,,,,,,,,
2081,99,56,,,,,,,,,
2082,16,55,,,,,,,,,
2083,54,3,,,,,,,,,
2084,55,61,,,,,,,,,
2085,26,27,,,,,,,,,
2086,64,99,,,,,,,,,
2087,32,72,,,,,,,,,
2088,34,7,,,,,,,,,
2089,67,39,,,,,,,,,
2090,99,60,,,,,,,,,
2091,61,21,,,,,,,,,
2092,62,61,,,,,,,,,
2093,23,25,,,,,,,,,
2094,70,72,,,,,,,,,
2095,21,10,,,,,,,,,
2096,55,10,,,,,,,,,
2097,5,14,,,,,,,,,
2098,8,10,,,,,,,,,
2099,15,9,,,,,,,,,
2100,11,14,,,,,,,,,
2101,52,78,,,,,,,,,
2102,9,20,,,,,,,,,
2103,84,78,,,,,,,,,
2104,70,43,,,,,,,,,
2105,60,51,,,,,,,,,
2106,2,63,,,,,,,,,
2107,35,7,,,,,,,,,
2108,0,32,,,,,,,,,
2109,23,58,,,,,,,,,
2110,87,21,,,,,,,,,
2111,83,53,,,,,,,,,
2112,79,34,,,,,,,,,
2113,17,4,,,,,,,,,
2114,24,9,,,,,,,,,
2115,75,23,,,,,,,,,
2116,42,58,,,,,,,,,
2117,48,15,,,,,,,,,
2118,25,94,,,,,,,,,
2119,73,59,,,,,,,,,
2120,28,41,,,,,,,,,
2121,21,68,,,,,,,,,
2122,81,61,,,,,,,,,
2123,76,22,,,,,,,,,
2124,23,59,,,,,,,,,
2125,44,83,,,,,,,,,
2126,32,79,,,,,,,,,
2127,26,10,,,,,,,,,
2128,38,45,,,,,,,,,
2129,34,72,,,,,,,,,
2130,4,74,,,,,,,,,
2131,89,39,,,,,,,,,
2132,84,33,,,,,,,,,
2133,81,61,,,,,,,,,
2134,44,66,,,,,,,,,
2135,39,93,,,,,,,,,
2136,42,80,,,,,,,,,
2137,2,66,,,,,,,,,
2138,94,81,,,,,,,,,
2139,68,8,,,,,,,,,
2140,67,72,,,,,,,,,
2141,71,89,,,,,,,,,
2142,64,29,,,,,,,,,
2143,13,17,,,,,,,,,
2144,5,22,,,,,,,,,
2145,19,91,,,,,,,,,
2146,17,30,,,,,,,,,
2147,4,34,,,,,,,,,
2148,35,87,,,,,,,,,
2149,22,31,,,,,,,,,
2150,90,78,,,,,,,,,
2151,28,19,,,,,,,,,
2152,83,50,,,,,,,,,
2153,61,11,,,,,,,,,
2154,83,28,,,,,,,,,
2155,32,3,,,,,,,,,
2156,34,11,,,,,,,,,
2157,58,63,,,,,,,,,
2158,29,64,,,,,,,,,
2159,63,28,,,,,,,,,
2160,32,79,,,,,,,,,
2161,70,58,,,,,,,,,
2162,7,31,,,,,,,,,
2163,80,56,,,,,,,,,
2164,89,16,,,,,,,,,
2165,35,97,,,,,,,,,
2166,0,50,,,,,,,,,
2167,47,65,,,,,,,,,
2168,62,55,,,,,,,,,
2169,17,100,,,,,,,,,
2170,72,58,,,,,,,,,
2171,33,50,,,,,,,,,
2172,25,12,,,,,,,,,
2173,0,0,,,,,,,,,
2174,66,79,,,,,,,,,
2175,83,1,,,,,,,,,
2176,61,39,,,,,,,,,
2177,68,59,,,,,,,,,
2178,85,84,,,,,,,,,
2179,70,12,,,,,,,,,
2180,21,83,,,,,,,,,
2181,97,62,,,,,,,,,
2182,80,25,,,,,,,,,
2183,41,64,,,,,,,,,
2184,36,60,,,,,,,,,
2185,25,94,,,,,,,,,
2186,33,45,,,,,,,,,
2187,32,58,,,,,,,,,
2188,88,18,,,,,,,,,
2189,15,33,,,,,,,,,
2190,100,57,,,,,,,,,
2191,85,83,,,,,,,,,
2192,45,71,,,,,,,,,
2193,53,11,,,,,,,,,
2194,53,100,,,,,,,,,
2195,24,11,,,,,,,,,
2196,31,23,,,,,,,,,
2197,40,13,,,,,,,,,
2198,13,59,,,,,,,,,
2199,76,14,,,,,,,,,
2200,10,89,,,,,,,,,
2201,14,8,,,,,,,,,
2202,50,19,,,,,,,,,
2203,31,60,,,,,,,,,
2204,17,59,,,,,,,,,
2205,39,67,,,,,,,,,
2206,8,29,,,,,,,,,
2207,31,78,,,,,,,,,
2208,21,37,,,,,,,,,
2209,5,24,,,,,,,,,
2210,95,97,,,,,,,,,
2211,3,22,,,,,,,,,
2212,2,41,,,,,,,,,
2213,40,60,,,,,,,,,
2214,76,81,,,,,,,,,
2215,63,49,,,,,,,,,
2216,25,48,,,,,,,,,
2217,86,0,,,,,,,,,
2218,37,71,,,,,,,,,
2219,25,21,,,,,,,,,
2220,76,25,,,,,,,,,
2221,3,33,,,,,,,,,
2222,38,69,,,,,,,,,
2223,54,75,,,,,,,,,
2224,0,88,,,,,,,,,
2225,72,85,,,,,,,,,
2226,75,3,,,,,,,,,
2227,72,95,,,,,,,,,
2228,39,72,,,,,,,,,
2229,8,45,,,,,,,,,
2230,70,19,,,,,,,,,
2231,90,1,,,,,,,,,
2232,27,59,,,,,,,,,
2233,31,9,,,,,,,,,
2234,49,37,,,,,,,,,
2235,54,0,,,,,,,,,
2236,7,87,,,,,,,,,
2237,82,19,,,,,,,,,
2238,25,37,,,,,,,,,
2239,80,52,,,,,,,,,
2240,17,92,,,,,,,,,
2241,67,18,,,,,,,,,
2242,51,26,,,,,,,,,
2243,3,44,,,,,,,,,
2244,20,17,,,,,,,,,
2245,66,46,,,,,,,,,
2246,28,21,,,,,,,,,
2247,59,0,,,,,,,,,
2248,42,5,,,,,,,,,
2249,32,74,,,,,,,,,
2250,57,37,,,,,,,,,
2251,100,57,,,,,,,,,
2252,34,79,,,,,,,,,
2253,100,29,,,,,,,,,
2254,99,10,,,,,,,,,
2255,38,91,,,,,,,,,
2256,86,99,,,,,,,,,
2257,49,45,,,,,,,,,
2258,14,91,,,,,,,,,
2259,77,74,,,,,,,,,
2260,25,42,,,,,,,,,
2261,47,59,,,,,,,,,
2262,27,14,,,,,,,,,
2263,35,47,,,,,,,,,
2264,32,21,,,,,,,,,
2265,86,44,,,,,,,,,
2266,51,36,,,,,,,,,
2267,91,83,,,,,,,,,
2268,40,17,,,,,,,,,
2269,89,23,,,,,,,,,
2270,62,37,,,,,,,,,
2271,0,83,,,,,,,,,
2272,56,64,,,,,,,,,
2273,8,67,,,,,,,,,
2274,15,56,,,,,,,,,
2275,7,72,,,,,,,,,
2276,78,9,,,,,,,,,
2277,67,95,,,,,,,,,
2278,23,55,,,,,,,,,
2279,72,4,,,,,,,,,
2280,23,25,,,,,,,,,
2281,80,94,,,,,,,,,
2282,89,28,,,,,,,,,
2283,62,92,,,,,,,,,
2284,83,36,,,,,,,,,
2285,28,19,,,,,,,,,
2286,37,45,,,,,,,,,
2287,32,32,,,,,,,,,
2288,52,82,,,,,,,,,
2289,35,76,,,,,,,,,
2290,99,70,,,,,,,,,
2291,35,20,,,,,,,,,
2292,40,70,,,,,,,,,
2293,18,37,,,,,,,,,
2294,3,31,,,,,,,,,
2295,63,100,,,,,,,,,
2296,98,100,,,,,,,,,
2297,9,78,,,,,,,,,
2298,25,44,,,,,,,,,
2299,50,49,,,,,,,,,
2300,47,67,,,,,,,,,
2301,63,85,,,,,,,,,
2302,49,76,,,,,,,,,
2303,95,29,,,,,,,,,
2304,93,78,,,,,,,,,
2305,76,75,,,,,,,,,
2306,86,99,,,,,,,,,
2307,1,64,,,,,,,,,
2308,77,15,,,,,,,,,
2309,52,28,,,,,,,,,
2310,37,6,,,,,,,,,
2311,72,95,,,,,,,,,
2312,59,40,,,,,,,,,
2313,33,99,,,,,,,,,
2314,4,21,,,,,,,,,
2315,70,91,,,,,,,,,
2316,98,88,,,,,,,,,
2317,69,86,,,,,,,,,
2318,94,21,,,,,,,,,
2319,24,50,,,,,,,,,
2320,97,32,,,,,,,,,
2321,92,8,,,,,,,,,
2322,44,78,,,,,,,,,
2323,12,9,,,,,,,,,
2324,50,44,,,,,,,,,
